{"Tend": [-0.0252205872210439, 0.00601892031303392, 0.151547670364380],
"Tpip": [-0.0223438076485451, -0.0147824661208828, 0.109069608151913],
"Tmcp": [-0.0139140247096875, -0.0543976663821105, 0.0532626621425152],
"Iend": [-0.00769561414302840, 0.151388887819948, 0.0893428325653076],
"Idip": [0.00443834763942459, 0.114867863868561, 0.0770676434040070],
"Ipip": [0.0166458951851996, 0.0752389128687341, 0.0624590292572975],
"Imcp": [0.0227318678414918, 0.0171939076073289, 0.0423447564244270],
"Mend": [-0.00533061222746842, 0.174198925553082, 0.0468106754124165],
"Mdip": [0.00998518373646602, 0.131581012253094, 0.0350413136184216],
"Mpip": [0.0218309717105818, 0.0933441532203355, 0.0246155187487602],
"Mmcp": [0.0241194076196490, 0.0286664065418121, 0.00855743046849966],
"Rend": [-0.00622063249582902, 0.176728911307138, -0.0117176249623299],
"Rdip": [0.00580328913351808, 0.139549474556669, -0.0159060768783093],
"Rpip": [0.0178321814568114, 0.0949994838664911, -0.0195126645267010],
"Rmcp": [0.0194343965371311, 0.0320313888656809, -0.0242785383015871],
"Pend": [-0.0211205971156428, 0.143758959540324, -0.0588050261139870],
"Pdip": [-0.00772590192203954, 0.110490708184818, -0.0603778995573521],
"Ppip": [0.00617292226331469, 0.0770054005594811, -0.0593739673495293],
"Pmcp": [0.0112944314629749, 0.0283539044529888, -0.0538403391838074],
"MpP": [-0.0179256200321433, -0.0260111076704212, -0.0111610507592559],
"MpD": [0.0388793962993853, -0.0300310856059192, -0.0173641443252563],
"EoW": [-0.0170406135923943, -0.147341072878825, -0.0581122636795044],
"EoW_p": [-0.0137656269731696, -0.0850611252787207, -0.0953118503093720],
"EoW_t": [-0.0121506519344633, -0.124996067667092, 0.0104766003787518],
"Tpip_p": [-0.0226005469402844, -0.000510531096016686, 0.0997050000000000],
"Tpip_t": [-0.0224606105082876, -0.0295711348785433, 0.117850000000000],
"Tmcp_p": [-0.0223709493684332, -0.0275012919086540, 0.0495500000000000],
"Tmcp_t": [-0.0151009724190199, -0.0758414449229444, 0.0699540000000000],
"Idip_p": [0.00644952095120250, 0.119309420082825, 0.0638380000000000],
"Idip_t": [0.00206970154853302, 0.111908840510927, 0.0901490000000000],
"Ipip_p": [0.0190890546649120, 0.0801986369086159, 0.0489370000000000],
"Ipip_t": [0.0154297770722717, 0.0691387797440771, 0.0775410000000000],
"Mdip_p": [0.00897106373291373, 0.134840313424806, 0.0209260000000000],
"Mdip_t": [0.00720966074097804, 0.126309070109791, 0.0481930000000000],
"Mpip_p": [0.0245189276376435, 0.0979887364164882, 0.00945670000000000],
"Mpip_t": [0.0212994704629012, 0.0889285772291450, 0.0398200000000000],
"Rdip_p": [0.00749674609413978, 0.140005728461374, -0.0305040000000000],
"Rdip_t": [0.00355957553649307, 0.137198514540063, -0.000894630000000000],
"Rpip_p": [0.0199899087041437, 0.0966190705813299, -0.0357200000000000],
"Rpip_t": [0.0151087505936130, 0.0924789603774826, -0.00412640000000000],
"Pdip_p": [-0.00745078415336265, 0.113579026728089, -0.0731210000000000],
"Pdip_t": [-0.00614051528782398, 0.112069353750256, -0.0473160000000000],
"Ppip_p": [0.00610940258945177, 0.0763194491070265, -0.0727410000000000],
"Ppip_t": [0.00338916280222713, 0.0768391725911986, -0.0464680000000000],
"Imcp_p": [0.0255793803789669, 0.0156249249877879, 0.0163834374397993],
"Imcp_t": [0.0184602090122942, 0.00636974277750450, 0.0578530840575695],
"Mmcp_p": [0.0243574029706559, 0.0203569051109763, -0.0117141297087073],
"Mmcp_t": [0.0255793803789669, 0.0156249249877879, 0.0163834374397993],
"Rmcp_p": [0.0174513876439658, 0.0230809389068434, -0.0427414588630199],
"Rmcp_t": [0.0243574029706559, 0.0203569051109763, -0.0117141297087073],
"Pmcp_p": [0.00498587800697412, 0.0259953931520995, -0.0740215629339218],
"Pmcp_t": [0.0174513876439658, 0.0230809389068434, -0.0427414588630199],
"MpP_p": [-0.00955312848984674, -0.0492560761847684, -0.0956511050462723],
"MpP_t": [-0.00458284086555460, -0.0218966253053052, 0.0536796413362026]}

