{"Tend": [-0.30228641629219055, -0.02474505454301834, 0.0],
"Tpip": [-0.2607825994491577, -0.12995845079421997, 0.0],
"Tmcp": [-0.1502542495727539, -0.25053486227989197, 0.0],
"Iend": [-0.17682835459709167, 0.3138296902179718, 0.0],
"Idip": [-0.1651056408882141, 0.20665067434310913, 0.0],
"Ipip": [-0.14668425917625427, 0.1178930401802063, 0.0],
"Imcp": [-0.09309473633766174, -0.0278034508228302, 0.0],
"Mend": [-0.019409172236919403, 0.3722226321697235, 0.0],
"Mdip": [-0.02309345081448555, 0.2643737196922302, 0.0],
"Mpip": [-0.01806943491101265, 0.13709862530231476, 0.0],
"Mmcp": [-0.009696073830127716, -0.027019262313842773, 0.0],
"Rend": [0.11266936361789703, 0.32533174753189087, 0.0],
"Rdip": [0.10764534771442413, 0.21145403385162354, 0.0],
"Rpip": [0.10094666481018066, 0.11599770188331604, 0.0],
"Rmcp": [0.06075452268123627, -0.04979485273361206, 0.0],
"Pend": [0.26724162697792053, 0.18197980523109436, 0.0],
"Pdip": [0.231403648853302, 0.08803069591522217, 0.0],
"Ppip": [0.20460888743400574, 0.01769445836544037, 0.0],
"Pmcp": [0.14934469759464264, -0.09283391386270523, 0.0],
"MpP": [0.023797377943992615, -0.20788387954235077, 0.0],
"MpD": [0.023797377943992615, -0.1710410863161087, 0.0],
"EoW": [0.05070643126964569, -0.5737466216087341, 0.0],
"EoW_p": [0.14783743023872375, -0.3945566713809967, 0.0],
"EoW_t": [-0.10168874263763428, -0.40627938508987427, 0.0],
"Tpip_p": [-0.2346416413784027, -0.09169049561023712, 0.0],
"Tpip_t": [-0.28461983799934387, -0.16388121247291565, 0.0],
"Tmcp_p": [-0.16578277945518494, -0.1516643464565277, 0.0],
"Tmcp_t": [-0.14468087255954742, -0.33713898062705994, 0.0],
"Idip_p": [-0.12913209199905396, 0.21817436814308167, 0.0],
"Idip_t": [-0.20354408025741577, 0.19707247614860535, 0.0],
"Ipip_p": [-0.11136206984519958, 0.13154546916484833, 0.0],
"Ipip_t": [-0.1813315451145172, 0.10489044338464737, 0.0],
"Mdip_p": [0.017470622435212135, 0.26593130826950073, 0.0],
"Mdip_t": [-0.06138387694954872, 0.26148882508277893, 0.0],
"Mpip_p": [0.02524500899016857, 0.1382092535495758, 0.0],
"Mpip_t": [-0.059162624180316925, 0.1404305100440979, 0.0],
"Rdip_p": [0.14075018465518951, 0.20928935706615448, 0.0],
"Rdip_t": [0.07411257922649384, 0.21262125670909882, 0.0],
"Rpip_p": [0.13186517357826233, 0.10822232067584991, 0.0],
"Rpip_t": [0.0641169473528862, 0.12154985964298248, 0.0],
"Pdip_p": [0.25958725810050964, 0.07490351796150208, 0.0],
"Pdip_t": [0.20627716183662415, 0.09822669625282288, 0.0],
"Ppip_p": [0.2307109534740448, 0.0016021504998207092, 0.0],
"Ppip_t": [0.17629024386405945, 0.0315890908241272, 0.0],
"Imcp_p": [-0.045332618057727814, -0.05535852164030075, 0.0],
"Imcp_t": [-0.14269386231899261, -0.07372856885194778, 0.0],
"Mmcp_p": [0.029984571039676666, -0.06270653754472733, 0.0],
"Mmcp_t": [-0.045332618057727814, -0.05535852164030075, 0.0],
"Rmcp_p": [0.1034647524356842, -0.10128363966941833, 0.0],
"Rmcp_t": [0.029984571039676666, -0.06270653754472733, 0.0],
"Pmcp_p": [0.19347797334194183, -0.14353474974632263, 0.0],
"Pmcp_t": [0.1034647524356842, -0.10128363966941833, 0.0],
"MpP_p": [0.1795664131641388, -0.2432342767715454, 0.0],
"MpP_t": [-0.16578277945518494, -0.1516643464565277, 0.0]}
