{"Tend": [-0.3890147805213928, -0.10567551851272583, -0.022035324946045876],
"Tpip": [-0.28777915239334106, -0.15923619270324707, -0.04520859196782112],
"Tmcp": [-0.16869007050991058, -0.3202785849571228, -0.045208632946014404],
"Iend": [-0.19949235022068024, 0.2548629939556122, -0.02865464985370636],
"Idip": [-0.16810469329357147, 0.15520024299621582, -0.045208629220724106],
"Ipip": [-0.13612842559814453, 0.05259453505277634, -0.045208640396595],
"Imcp": [-0.09976842999458313, -0.11300539970397949, -0.03734562173485756],
"Mend": [0.013515552505850792, 0.32587847113609314, -0.02865471877157688],
"Mdip": [0.0040982672944664955, 0.2040426880121231, -0.04520868510007858],
"Mpip": [-2.178863542212639e-05, 0.09221269190311432, -0.04520868510007858],
"Mmcp": [-0.005029658786952496, -0.1010088324546814, -0.029482616111636162],
"Rend": [0.15981140732765198, 0.28114646673202515, -0.02865476720035076],
"Rdip": [0.1468626856803894, 0.1651964634656906, -0.04520873352885246],
"Rpip": [0.12743957340717316, 0.08456117659807205, -0.045208726078271866],
"Rmcp": [0.08532532304525375, -0.1199076920747757, -0.02948264591395855],
"Pend": [0.2934410274028778, 0.13124170899391174, -0.028654810041189194],
"Pdip": [0.26637759804725647, 0.045253872871398926, -0.04520877078175545],
"Ppip": [0.23308390378952026, -0.017675798386335373, -0.04520875960588455],
"Pmcp": [0.17361508309841156, -0.16303035616874695, -0.03734571114182472],
"MpP": [0.005719088949263096, -0.28767216205596924, -0.021619586274027824],
"MpD": [0.033343859016895294, -0.25342318415641785, 0.07902956753969193],
"WuT": [-0.1307608038187027, -0.4638373851776123, -0.003009214298799634],
"WuP": [0.16042210161685944, -0.49611347913742065, -0.0030093092937022448],
"EoW": [-0.0036766380071640015, -0.6203309297561646, -0.0030092555098235607],
"TpipL": [-0.26541316509246826, -0.13197816908359528, -0.02203536592423916],
"TpipR": [-0.3124994933605194, -0.18884851038455963, -0.022035349160432816],
"TmcpL": [-0.19007505476474762, -0.22223332524299622, -0.0220353901386261],
"TmcpR": [-0.2406928390264511, -0.2810527980327606, -0.022035373374819756],
"IdipL": [-0.13200843334197998, 0.16696220636367798, -0.02865467220544815],
"IdipR": [-0.20420102775096893, 0.14343827962875366, -0.02865464799106121],
"IpipL": [-0.09983916580677032, 0.0645495131611824, -0.028654683381319046],
"IpipR": [-0.1724177449941635, 0.040639571845531464, -0.028654659166932106],
"MdipL": [0.037830669432878494, 0.2046312689781189, -0.028654728084802628],
"MdipR": [-0.03434273600578308, 0.20345410704612732, -0.028654703870415688],
"MpipL": [0.04057091474533081, 0.09044695645570755, -0.028654728084802628],
"MpipR": [-0.035905878990888596, 0.09397842735052109, -0.028654703870415688],
"RdipL": [0.17824074625968933, 0.15636776387691498, -0.02865477278828621],
"RdipR": [0.11548464000225067, 0.17402514815330505, -0.028654752299189568],
"RpipL": [0.1609693318605423, 0.07161242514848709, -0.02865476720035076],
"RpipR": [0.09390982985496521, 0.09750992804765701, -0.02865474484860897],
"PdipL": [0.2905619740486145, 0.032596804201602936, -0.028654810041189194],
"PdipR": [0.24219322204589844, 0.057910945266485214, -0.02865479327738285],
"PpipL": [0.25811219215393066, -0.034790683537721634, -0.0286547988653183],
"PpipR": [0.20805567502975464, -0.0005609291838482022, -0.028654782101511955]}
