{"Tend": [-0.3973161280155182, -0.09739081561565399, 0.008577486500144005],
"Tpip": [-0.2889059782028198, -0.1601298600435257, 0.0008937307284213603],
"Tmcp": [-0.1731044054031372, -0.29852038621902466, -0.0030092033557593822],
"Iend": [-0.20343202352523804, 0.2659095823764801, 0.0052677933126688],
"Idip": [-0.16815689206123352, 0.15536479651927948, -0.0019431354012340307],
"Ipip": [-0.13614414632320404, 0.05264347046613693, -0.0019431463442742825],
"Imcp": [-0.09463842958211899, -0.09171192348003387, 0.0009222878143191338],
"Mend": [0.014180099591612816, 0.33758774399757385, 0.00526772066950798],
"Mdip": [0.002082435879856348, 0.20410408079624176, -0.0019431916298344731],
"Mpip": [0.0019956817850470543, 0.09231160581111908, -0.0019431918626651168],
"Mmcp": [-0.01149352453649044, -0.08220024406909943, 0.008189394138753414],
"Rend": [0.1625347137451172, 0.29255402088165283, 0.00526767410337925],
"Rdip": [0.14687740802764893, 0.1652742624282837, -0.001943238195963204],
"Rpip": [0.12747149169445038, 0.08470387011766434, -0.0019432312110438943],
"Rmcp": [0.09871725738048553, -0.10498759150505066, 0.008189357817173004],
"Pend": [0.31460586190223694, 0.1387959122657776, 0.005267622880637646],
"Pdip": [0.2664164900779724, 0.0453401654958725, -0.001943276496604085],
"Ppip": [0.23313823342323303, -0.017573753371834755, -0.0019432657863944769],
"Pmcp": [0.1747056543827057, -0.14175035059452057, 0.00092220091028139],
"MpP": [0.005719088949263096, -0.28767216205596924, -0.021619586274027824],
"MpD": [0.033343859016895294, -0.25342318415641785, 0.07902956753969193],
"WuT": [-0.19626854360103607, -0.3809897303581238, -0.003009192878380418],
"WuP": [0.16042210161685944, -0.49611347913742065, -0.0030093092937022448],
"EoW": [-0.0036766380071640015, -0.6203309297561646, -0.0030092555098235607]}
