{"Tend": [-0.316046804189682, -0.021104760468006134, 0.0],
"Tpip": [-0.2607825994491577, -0.12995845079421997, 0.0],
"Tmcp": [-0.1502542495727539, -0.25053486227989197, 0.0],
"Iend": [-0.17682835459709167, 0.3138296902179718, 0.0],
"Idip": [-0.1651056408882141, 0.20665067434310913, 0.0],
"Ipip": [-0.14668425917625427, 0.1178930401802063, 0.0],
"Imcp": [-0.09309473633766174, -0.0278034508228302, 0.0],
"Mend": [-0.019409172236919403, 0.3722226321697235, 0.0],
"Mdip": [-0.02309345081448555, 0.2643737196922302, 0.0],
"Mpip": [-0.01806943491101265, 0.13709862530231476, 0.0],
"Mmcp": [-0.009696073830127716, -0.027019262313842773, 0.0],
"Rend": [0.11266936361789703, 0.32533174753189087, 0.0],
"Rdip": [0.10764534771442413, 0.21145403385162354, 0.0],
"Rpip": [0.10094666481018066, 0.11599770188331604, 0.0],
"Rmcp": [0.06075452268123627, -0.04979485273361206, 0.0],
"Pend": [0.26724162697792053, 0.18197980523109436, 0.0],
"Pdip": [0.231403648853302, 0.08803069591522217, 0.0],
"Ppip": [0.20460888743400574, 0.01769445836544037, 0.0],
"Pmcp": [0.14934469759464264, -0.09283391386270523, 0.0],
"MpP": [0.023797377943992615, -0.20788387954235077, 0.0],
"MpD": [0.023797377943992615, -0.1710410863161087, 0.0],
"WuT": [-0.10168874263763428, -0.40627938508987427, 0.0],
"WuP": [0.14783743023872375, -0.3945566713809967, 0.0],
"EoW": [0.05070643126964569, -0.5737466216087341, 0.0]}
