{"Tend": [0.013577628880739212, -0.02208966761827469, 0.15154767036437988],
"Tpip": [0.02625223994255066, -0.005346675869077444, 0.10906960815191269],
"Tmcp": [0.04830366000533104, 0.028626257553696632, 0.05326266214251518],
"Iend": [-0.10160648822784424, -0.1124897301197052, 0.08934283256530762],
"Idip": [-0.08436223119497299, -0.07808545976877213, 0.07706764340400696],
"Ipip": [-0.06497237086296082, -0.04143152013421059, 0.062459029257297516],
"Imcp": [-0.0282317865639925, 0.003915929235517979, 0.04234475642442703],
"Mend": [-0.11940792948007584, -0.1269465535879135, 0.04681067541241646],
"Mdip": [-0.10010241717100143, -0.08598123490810394, 0.035041313618421555],
"Mpip": [-0.08144111186265945, -0.05056745558977127, 0.024615518748760223],
"Mmcp": [-0.03732520714402199, -0.0032152137719094753, 0.00855743046849966],
"Rend": [-0.12056756019592285, -0.12936486303806305, -0.011717624962329865],
"Rdip": [-0.10277992486953735, -0.09457283467054367, -0.01590607687830925],
"Rpip": [-0.07978403568267822, -0.05456552281975746, -0.019512664526700974],
"Rmcp": [-0.03639180585741997, -0.008907418698072433, -0.024278538301587105],
"Pend": [-0.08671841770410538, -0.11658745259046555, -0.05880502611398697],
"Pdip": [-0.07266569137573242, -0.0835917666554451, -0.060377899557352066],
"Ppip": [-0.058815956115722656, -0.0500861257314682, -0.059373967349529266],
"Pmcp": [-0.028035607188940048, -0.012062869034707546, -0.05384033918380737],
"MpP": [0.03106795810163021, 0.005717303138226271, -0.011161050759255886],
"MpD": [-0.0062567004933953285, 0.048727069050073624, -0.017364144325256348],
"WuT": [0.09697737544775009, 0.07979375869035721, 0.010476600378751755],
"WuP": [0.06988106667995453, 0.05041353031992912, -0.09531185030937195],
"EoW": [0.1162354052066803, 0.09213633835315704, -0.058112263679504395]}
