{"Tend": [-0.0730263739824295, -0.008176565170288086, 0.09432238340377808],
"Tpip": [-0.059313252568244934, -0.00757202273234725, 0.06158735230565071],
"Tmcp": [-0.04922769218683243, -0.00864659994840622, 0.02329399436712265],
"Iend": [-0.02846846915781498, 0.003323266049847007, 0.14928540587425232],
"Idip": [-0.029131703078746796, 0.004489023704081774, 0.12746362388134003],
"Ipip": [-0.02643493562936783, 0.013778937049210072, 0.09807765483856201],
"Imcp": [-0.025288913398981094, 0.015946878120303154, 0.05436421558260918],
"Mend": [-0.00222536432556808, -0.006760036572813988, 0.15879632532596588],
"Mdip": [-0.0002566664479672909, -0.0026463877875357866, 0.13557040691375732],
"Mpip": [-0.0014149692142382264, 0.00793844647705555, 0.10165137052536011],
"Mmcp": [0.0013568358263000846, 0.01638401485979557, 0.052985940128564835],
"Rend": [0.0344243161380291, -0.012037415988743305, 0.14636598527431488],
"Rdip": [0.03226149082183838, -0.006408031564205885, 0.12276512384414673],
"Rpip": [0.0253765732049942, -0.0030567802023142576, 0.0957145094871521],
"Rmcp": [0.02113027311861515, 0.004645615350455046, 0.049361106008291245],
"Pend": [0.06999838352203369, -0.016884297132492065, 0.1141524538397789],
"Pdip": [0.061000898480415344, -0.014227990992367268, 0.09225615859031677],
"Ppip": [0.05091545358300209, -0.007169217802584171, 0.07210048288106918],
"Pmcp": [0.03678398206830025, -0.0002615799894556403, 0.042596008628606796],
"MpP": [-0.0032764284405857325, -0.0036431620828807354, 0.02339267171919346],
"MpD": [0.00030994537519291043, 0.03311208635568619, 0.025502018630504608],
"WuT": [-0.03989355266094208, -0.007619976531714201, -0.03445875644683838],
"WuP": [0.031779564917087555, -0.010613642632961273, -0.02987704798579216],
"EoW": [0.0007334151887334883, 0.015159876085817814, -0.07544467598199844]}
